month,count,firstday
9,161238,2012-10-29
10,1913685,2012-11-01
11,2420280,2012-12-01
12,2632027,2013-01-01
13,2582297,2013-02-01
14,3228850,2013-03-01
15,3462007,2013-04-01
16,3670236,2013-05-01
17,3576473,2013-06-01
18,3753528,2013-07-01
19,3827808,2013-08-01
20,3746801,2013-09-01
21,4039671,2013-10-01
22,4184153,2013-11-01
23,4501123,2013-12-01
24,4558987,2014-01-01
25,4209175,2014-02-01
26,4848516,2014-03-01
27,4907605,2014-04-01
28,5105336,2014-05-01
29,4949214,2014-06-01
30,5140012,2014-07-01
31,5195579,2014-08-01
32,5084858,2014-09-01
33,5521906,2014-10-01
34,5785436,2014-11-01
35,6195768,2014-12-01
36,6276031,2015-01-01
37,5807762,2015-02-01
38,6766485,2015-03-01
39,6815337,2015-04-01
40,7085524,2015-05-01
41,6882806,2015-06-01
42,7153110,2015-07-01
43,7208493,2015-08-01
44,7052939,2015-09-01
45,7478328,2015-10-01
46,7633346,2015-11-01
47,7950935,2015-12-01
48,7733007,2016-01-01
49,7319599,2016-02-01
50,8056945,2016-03-01
51,8089699,2016-04-01
52,8445755,2016-05-01
53,8204509,2016-06-01
54,8498359,2016-07-01
55,8533945,2016-08-01
56,8293628,2016-09-01
57,8798924,2016-10-01
58,9025577,2016-11-01
59,9519339,2016-12-01
60,9594614,2017-01-01
61,8725718,2017-02-01
62,9788714,2017-03-01
63,9578570,2017-04-01
64,9911129,2017-05-01
65,9742817,2017-06-01
66,10547542,2017-07-01
67,11604206,2017-08-01
68,11919542,2017-09-01
69,12591607,2017-10-01
70,12576880,2017-11-01
71,13315265,2017-12-01
72,13664061,2018-01-01
73,12036699,2018-02-01
74,8118979,2018-03-14
75,13866322,2018-04-01
76,14817902,2018-05-01
77,14909282,2018-06-01
78,16053336,2018-07-01
79,17214995,2018-08-01
80,9425086,2018-09-01
81,18905950,2018-10-01
82,18872886,2018-11-01
83,20442259,2018-12-01
84,22552570,2019-01-01
85,22244592,2019-02-01
86,26445404,2019-03-01
87,27177227,2019-04-01
88,29608346,2019-05-01
89,30039790,2019-06-01
90,32110582,2019-07-01
91,32740181,2019-08-01
92,32219556,2019-09-01
93,33732962,2019-10-01
94,33053381,2019-11-01
95,34756870,2019-12-01
96,35463014,2020-01-01
97,33842119,2020-02-01
98,36972481,2020-03-01
99,36802579,2020-04-01
100,38985044,2020-05-01
101,38697408,2020-06-01
102,40978727,2020-07-01
103,42182533,2020-08-01
104,23690902,2020-09-01
105,38598479,2020-10-01
106,39582885,2020-11-01
107,23999078,2020-12-01
108,27305498,2021-01-01
109,39475098,2021-02-03
110,47132361,2021-03-01
